City_ID,City,Country,Date,Lat,Lng,Max Temp,Humidity,Cloudiness,Wind Speed
0,Lufilufi,WS,2022-04-24 13:22:46,-13.8745,-171.5986,82.11,73,75,5.79
1,Kodiak,US,2022-04-24 13:22:46,57.79,-152.4072,38.71,93,100,10.36
2,Kombissiri,BF,2022-04-24 13:22:46,12.0656,-1.3375,105.78,6,99,9.69
3,Provideniya,RU,2022-04-24 13:22:47,64.3833,-173.3,23.4,83,13,4.03
4,Lavrentiya,RU,2022-04-24 13:22:47,65.5833,-171.0,13.08,92,91,5.82
5,Pitimbu,BR,2022-04-24 13:22:47,-7.4706,-34.8086,79.39,77,98,14.12
6,Busselton,AU,2022-04-24 13:22:48,-33.65,115.3333,63.5,58,100,8.81
7,Mar Del Plata,AR,2022-04-24 13:22:48,-38.0023,-57.5575,59.88,81,0,14.97
8,Dingle,PH,2022-04-24 13:22:48,10.9995,122.6711,78.08,86,88,7.96
9,Chara,RU,2022-04-24 13:22:49,56.9064,118.2631,21.07,67,83,3.58
10,Cherskiy,RU,2022-04-24 13:22:49,68.75,161.3,-2.2,100,88,5.01
11,Kapaa,US,2022-04-24 13:22:49,22.0752,-159.319,76.98,87,100,18.41
12,Ushuaia,AR,2022-04-24 13:18:31,-54.8,-68.3,37.06,81,20,0.0
13,Qaanaaq,GL,2022-04-24 13:22:50,77.484,-69.3632,2.7,72,13,9.04
14,Bredasdorp,ZA,2022-04-24 13:22:50,-34.5322,20.0403,64.9,48,88,14.56
15,Castro,BR,2022-04-24 13:22:50,-24.7911,-50.0119,66.7,81,64,4.36
16,Virginia Beach,US,2022-04-24 13:19:30,36.8529,-75.978,72.01,70,8,1.99
17,Oranjemund,NA,2022-04-24 13:22:51,-28.55,16.4333,61.72,54,0,18.07
18,Mahebourg,MU,2022-04-24 13:22:51,-20.4081,57.7,77.29,73,75,17.27
19,Saskylakh,RU,2022-04-24 13:22:51,71.9167,114.0833,-1.3,100,22,2.37
20,Karratha,AU,2022-04-24 13:22:52,-20.7377,116.8463,81.91,58,0,4.94
21,Albany,US,2022-04-24 13:22:52,42.6001,-73.9662,51.06,49,100,1.01
22,Egvekinot,RU,2022-04-24 13:22:52,66.3167,-179.1667,11.32,94,85,6.55
23,Pisco,PE,2022-04-24 13:22:53,-13.7,-76.2167,62.65,94,100,0.0
24,Ribeira Grande,PT,2022-04-24 13:22:53,38.5167,-28.7,61.2,72,40,18.41
25,Okhotsk,RU,2022-04-24 13:22:53,59.3833,143.3,23.61,95,30,2.62
26,Punta Arenas,CL,2022-04-24 13:22:54,-53.15,-70.9167,41.11,93,75,4.61
27,Kapit,MY,2022-04-24 13:22:54,2.0167,112.9333,76.01,97,100,1.48
28,Taoudenni,ML,2022-04-24 13:21:11,22.6783,-3.9836,91.92,14,0,14.83
29,Yellowknife,CA,2022-04-24 13:22:06,62.456,-114.3525,16.32,79,0,11.5
30,Sao Filipe,CV,2022-04-24 13:22:55,14.8961,-24.4956,76.53,67,4,5.97
31,Fortuna,US,2022-04-24 13:22:55,40.5982,-124.1573,48.65,94,100,0.0
32,Tessalit,ML,2022-04-24 13:22:55,20.1986,1.0114,94.84,5,0,13.04
33,Torbay,CA,2022-04-24 13:22:56,47.6666,-52.7314,36.28,96,100,21.85
34,Sovetskaya,RU,2022-04-24 13:22:56,44.7769,41.1722,73.0,47,62,6.49
35,Butaritari,KI,2022-04-24 13:22:57,3.0707,172.7902,80.67,78,100,12.46
36,Oksfjord,NO,2022-04-24 13:22:57,70.2396,22.3479,44.01,97,100,7.47
37,Peniche,PT,2022-04-24 13:20:42,39.3558,-9.3811,66.29,77,28,9.98
38,Nanortalik,GL,2022-04-24 13:22:58,60.1432,-45.2371,37.8,90,80,6.15
39,Touros,BR,2022-04-24 13:22:58,-5.1989,-35.4608,83.32,73,100,13.58
40,Bilibino,RU,2022-04-24 13:22:59,68.0546,166.4372,-2.52,100,50,5.61
41,Bridgewater,CA,2022-04-24 13:18:34,44.3835,-64.5155,44.22,53,6,17.27
42,Nishihara,JP,2022-04-24 13:22:59,26.1842,127.7558,73.45,91,0,5.75
43,Cape Town,ZA,2022-04-24 13:20:02,-33.9258,18.4232,68.11,57,40,14.97
44,Altay,CN,2022-04-24 13:23:00,47.8667,88.1167,34.66,54,87,10.94
45,Bluff,NZ,2022-04-24 13:23:01,-46.6,168.3333,52.81,85,100,21.59
46,Kruisfontein,ZA,2022-04-24 13:23:02,-34.0033,24.7314,64.89,49,1,19.93
47,Khatanga,RU,2022-04-24 13:24:02,71.9667,102.5,6.12,97,100,5.21
48,Pacific Grove,US,2022-04-24 13:24:03,36.6177,-121.9166,51.48,93,20,8.99
49,Salalah,OM,2022-04-24 13:24:03,17.0151,54.0924,85.66,60,2,10.11
50,Puerto Ayora,EC,2022-04-24 13:24:03,-0.7393,-90.3518,72.39,90,41,7.25
51,Kyra,RU,2022-04-24 13:24:04,49.5776,111.9753,37.8,26,100,3.4
52,Sur,OM,2022-04-24 13:24:04,22.5667,59.5289,89.02,49,44,6.33
53,Nemuro,JP,2022-04-24 13:24:04,43.3236,145.575,40.95,90,100,20.2
54,Portland,US,2022-04-24 13:22:22,45.5234,-122.6762,45.39,88,20,0.0
55,Lebu,CL,2022-04-24 13:24:05,-37.6167,-73.65,57.9,95,100,25.77
56,Codrington,AU,2022-04-24 13:24:05,-38.2667,141.9667,49.89,91,0,7.67
57,Saint-Philippe,RE,2022-04-24 13:24:05,-21.3585,55.7679,78.39,77,94,15.97
58,Walvis Bay,NA,2022-04-24 13:24:06,-22.9575,14.5053,68.95,52,0,12.66
59,Hobart,AU,2022-04-24 13:24:06,-42.8794,147.3294,56.26,87,20,4.61
60,Soyo,AO,2022-04-24 13:24:06,-6.1349,12.3689,83.25,74,96,9.86
61,Mount Isa,AU,2022-04-24 13:24:07,-20.7333,139.5,71.37,100,40,5.75
62,Airai,TL,2022-04-24 13:24:07,-8.9266,125.4092,59.13,80,95,2.46
63,Port Alfred,ZA,2022-04-24 13:24:07,-33.5906,26.891,65.17,76,99,7.0
64,Griffith,US,2022-04-24 13:24:08,41.5284,-87.4237,70.29,77,100,21.85
65,Hermanus,ZA,2022-04-24 13:24:08,-34.4187,19.2345,61.81,66,8,10.07
66,Luwuk,ID,2022-04-24 13:24:08,-0.9516,122.7875,79.09,88,93,1.92
67,Plymouth,US,2022-04-24 13:19:52,41.8334,-70.8328,48.22,58,100,11.5
68,Te Anau,NZ,2022-04-24 13:24:09,-45.4167,167.7167,47.93,82,79,1.57
69,Kavaratti,IN,2022-04-24 13:24:09,10.5669,72.642,85.24,70,100,7.34
70,Hilo,US,2022-04-24 13:24:09,19.7297,-155.09,74.28,96,100,5.99
71,Avarua,CK,2022-04-24 13:24:09,-21.2078,-159.775,77.05,94,100,3.44
72,Namatanai,PG,2022-04-24 13:23:12,-3.6667,152.4333,79.45,77,26,6.17
73,Los Llanos De Aridane,ES,2022-04-24 13:24:10,28.6585,-17.9182,64.15,75,75,8.05
74,Bambous Virieux,MU,2022-04-24 13:24:10,-20.3428,57.7575,77.25,73,75,17.27
75,Pokoynoye,RU,2022-04-24 13:24:11,44.8097,44.2517,72.39,34,5,13.35
76,Klaksvik,FO,2022-04-24 13:24:11,62.2266,-6.589,47.32,87,100,18.34
77,East London,ZA,2022-04-24 13:24:11,-33.0153,27.9116,67.14,82,40,17.27
78,Tiksi,RU,2022-04-24 13:24:12,71.6872,128.8694,-0.51,100,95,2.39
79,Bulgan,MN,2022-04-24 13:24:12,48.8125,103.5347,39.16,78,100,2.06
80,Tecoanapa,MX,2022-04-24 13:21:18,16.5167,-98.75,76.71,75,2,2.98
81,Vaini,TO,2022-04-24 13:24:12,-21.2,-175.2,71.76,94,75,0.0
82,Iracoubo,GF,2022-04-24 13:24:13,5.4802,-53.2011,80.53,79,80,7.25
83,Arraial Do Cabo,BR,2022-04-24 13:24:13,-22.9661,-42.0278,80.56,74,40,9.22
84,Thompson,CA,2022-04-24 13:24:13,55.7435,-97.8558,12.36,79,100,16.11
85,Maniitsoq,GL,2022-04-24 13:24:13,65.4167,-52.9,29.16,94,100,5.53
86,Rikitea,PF,2022-04-24 13:24:14,-23.1203,-134.9692,74.35,80,100,7.18
87,Tautira,PF,2022-04-24 13:24:14,-17.7333,-149.15,80.44,72,36,8.55
88,Komsomolskiy,UZ,2022-04-24 13:24:14,40.4272,71.7189,66.92,55,100,6.91
89,Kaitangata,NZ,2022-04-24 13:24:15,-46.2817,169.8464,51.42,82,100,11.9
90,Victoria,HK,2022-04-24 13:20:05,22.2855,114.1577,82.33,83,1,11.01
91,Songjianghe,CN,2022-04-24 13:25:15,42.1859,127.479,47.39,39,56,4.07
92,Meadow Lake,US,2022-04-24 13:25:16,34.8014,-106.5436,45.46,44,0,4.76
93,Winslow,US,2022-04-24 13:25:16,35.0242,-110.6974,33.98,32,0,0.0
94,Missoula,US,2022-04-24 13:25:03,47.0166,-113.8009,28.85,89,30,0.6
95,Springbok,ZA,2022-04-24 13:25:16,-29.6643,17.8865,59.04,33,0,17.58
96,Majene,ID,2022-04-24 13:25:17,-3.5403,118.9707,78.66,86,100,2.73
97,Hithadhoo,MV,2022-04-24 13:25:17,-0.6,73.0833,83.68,74,73,9.46
98,Velingrad,BG,2022-04-24 13:25:17,42.0272,23.9957,72.88,45,47,3.89
99,Tuktoyaktuk,CA,2022-04-24 13:25:18,69.4541,-133.0374,10.4,85,0,5.75
100,Lucapa,AO,2022-04-24 13:25:18,-8.4192,20.7447,80.8,59,100,3.51
101,Kiama,AU,2022-04-24 13:25:18,-34.6833,150.8667,62.38,88,100,1.99
102,Palora,EC,2022-04-24 13:25:19,-1.7,-77.9333,66.31,87,100,1.21
103,Dikson,RU,2022-04-24 13:25:19,73.5069,80.5464,11.61,93,100,11.39
104,La Ronge,CA,2022-04-24 13:25:19,55.1001,-105.2842,30.45,74,40,9.22
105,Chuy,UY,2022-04-24 13:25:20,-33.6971,-53.4616,65.46,48,0,11.59
106,Vestmannaeyjar,IS,2022-04-24 13:25:20,63.4427,-20.2734,45.59,76,40,13.8
107,Mataura,NZ,2022-04-24 13:25:20,-46.1927,168.8643,52.48,85,100,7.25
108,Port Augusta,AU,2022-04-24 13:25:20,-32.5,137.7667,68.25,68,100,7.11
109,Balikpapan,ID,2022-04-24 13:25:21,-1.2675,116.8289,81.59,83,20,2.3
110,Hamilton,US,2022-04-24 13:20:55,39.1834,-84.5333,72.86,62,40,14.97
111,Santa Rosa,PH,2022-04-24 13:25:21,14.3122,121.1114,86.11,75,61,11.5
112,Mizan Teferi,ET,2022-04-24 13:25:21,6.9833,35.5833,69.08,87,100,1.86
113,Bethel,US,2022-04-24 13:25:22,41.3712,-73.414,58.35,37,0,10.36
114,Lompoc,US,2022-04-24 13:22:07,34.6391,-120.4579,54.59,85,0,0.0
115,Bacungan,PH,2022-04-24 13:25:22,9.9106,118.7022,80.35,85,68,5.01
116,Bengkulu,ID,2022-04-24 13:25:23,-3.8004,102.2655,78.55,88,37,3.44
117,Santa Isabel Do Rio Negro,BR,2022-04-24 13:25:23,-0.4139,-65.0192,80.42,84,100,3.18
118,Cabo San Lucas,MX,2022-04-24 13:22:39,22.8909,-109.9124,69.62,87,0,7.11
119,Jamestown,US,2022-04-24 13:23:41,42.097,-79.2353,70.18,37,0,6.91
120,Hasaki,JP,2022-04-24 13:25:23,35.7333,140.8333,61.2,93,100,10.04
121,Amaigbo,NG,2022-04-24 13:25:24,5.7892,7.8383,83.79,64,100,8.01
122,Iqaluit,CA,2022-04-24 13:25:24,63.7506,-68.5145,19.13,85,100,11.5
123,Vilyuysk,RU,2022-04-24 13:25:24,63.7553,121.6247,18.57,95,100,2.1
124,Severo-Kurilsk,RU,2022-04-24 13:25:25,50.6789,156.125,33.6,95,98,14.88
125,Irbil,IQ,2022-04-24 13:25:25,36.1926,44.0106,78.62,22,75,17.27
126,Barrow,US,2022-04-24 13:21:00,71.2906,-156.7887,8.62,85,40,8.05
127,Vanimo,PG,2022-04-24 13:25:25,-2.6741,141.3028,80.06,82,99,4.72
128,Saint-Georges,GD,2022-04-24 13:25:25,12.0564,-61.7485,85.68,66,20,25.32
129,Port Lincoln,AU,2022-04-24 13:23:45,-34.7333,135.8667,66.69,80,100,11.32
130,Bathsheba,BB,2022-04-24 13:25:26,13.2167,-59.5167,84.81,61,20,20.71
131,Socorro,US,2022-04-24 13:25:26,31.6546,-106.3033,59.11,21,0,0.0
132,Ponta Do Sol,PT,2022-04-24 13:25:27,32.6667,-17.1,68.72,67,22,8.19
133,Praxedis Guerrero,MX,2022-04-24 13:25:27,31.3667,-106.0167,57.45,23,0,4.83
134,Shenkursk,RU,2022-04-24 13:25:27,62.1091,42.896,36.03,85,100,3.89
135,Georgetown,MY,2022-04-24 13:25:27,5.4112,100.3354,85.95,79,20,2.3
136,Ekibastuz,KZ,2022-04-24 13:25:28,51.6667,75.3667,41.94,28,80,9.35
137,Dukat,RU,2022-04-24 13:26:28,62.55,155.55,16.56,96,100,7.36
138,Palmer,US,2022-04-24 13:25:21,42.1584,-72.3287,50.22,33,100,6.91
139,Karpogory,RU,2022-04-24 13:26:29,64.0019,44.4451,37.96,69,8,5.32
140,Carnarvon,AU,2022-04-24 13:26:29,-24.8667,113.6333,73.47,83,10,4.61
141,Taltal,CL,2022-04-24 13:26:29,-25.4,-70.4833,63.64,76,1,2.21
142,Guerrero Negro,MX,2022-04-24 13:26:30,27.9769,-114.0611,56.91,90,0,7.2
143,Longyearbyen,SJ,2022-04-24 13:26:30,78.2186,15.6401,13.84,57,40,11.5
144,Mackenzie,CA,2022-04-24 13:26:30,55.2999,-123.1698,35.82,75,100,5.75
145,Geraldton,AU,2022-04-24 13:26:30,-28.7667,114.6,66.61,63,95,9.22
146,Darhan,MN,2022-04-24 13:26:31,49.4867,105.9228,42.42,37,32,12.28
147,Krasnoselkup,RU,2022-04-24 13:26:31,65.7,82.4667,14.02,90,100,5.26
148,Svetlyy,RU,2022-04-24 13:26:31,54.675,20.1347,48.96,69,22,15.46
149,Tiarei,PF,2022-04-24 13:26:32,-17.5333,-149.3333,75.22,76,76,11.03
150,Bintulu,MY,2022-04-24 13:25:04,3.1667,113.0333,81.01,94,40,0.0
151,Tazovskiy,RU,2022-04-24 13:26:32,67.4667,78.7,4.5,96,88,4.92
152,San Patricio,US,2022-04-24 13:26:32,28.017,-97.5169,77.09,88,45,16.71
153,Atuona,PF,2022-04-24 13:26:33,-9.8,-139.0333,79.41,68,41,16.42
154,Zheleznodorozhnyy,RU,2022-04-24 13:26:33,55.7503,38.0042,52.56,81,100,9.55
155,Roald,NO,2022-04-24 13:26:33,62.5833,6.1333,56.32,66,0,12.66
156,Hualmay,PE,2022-04-24 13:26:34,-11.0964,-77.6139,68.63,81,67,6.93
157,Yerbogachen,RU,2022-04-24 13:26:34,61.2767,108.0108,25.38,84,100,0.89
158,Seredka,RU,2022-04-24 13:26:34,58.1584,28.1858,47.95,93,100,12.3
159,Umm Kaddadah,SD,2022-04-24 13:26:35,13.6017,26.6876,103.1,4,0,5.46
160,Kavieng,PG,2022-04-24 13:23:12,-2.5744,150.7967,82.36,75,23,9.04
161,Hirara,JP,2022-04-24 13:26:35,24.8,125.2833,77.74,90,0,12.06
162,Kyabe,TD,2022-04-24 13:26:35,9.4515,18.9449,102.24,23,100,3.98
163,Urazovo,RU,2022-04-24 13:26:36,50.0836,38.0395,63.21,56,47,12.21
164,Norman Wells,CA,2022-04-24 13:26:36,65.282,-126.8329,30.24,74,20,6.91
165,Shaghat,AM,2022-04-24 13:26:36,39.5625,45.9143,63.79,37,100,2.44
166,Wanaka,NZ,2022-04-24 13:26:36,-44.7,169.15,47.1,76,59,2.82
167,Brownsville,US,2022-04-24 13:26:37,25.9018,-97.4975,77.09,85,19,7.0
168,Oriximina,BR,2022-04-24 13:26:37,-1.7656,-55.8661,81.52,74,100,4.61
169,Pevek,RU,2022-04-24 13:26:37,69.7008,170.3133,0.9,100,99,3.18
170,Nantucket,US,2022-04-24 13:25:59,41.2835,-70.0995,48.34,67,100,18.41
171,Ancud,CL,2022-04-24 13:26:38,-41.8697,-73.8203,53.1,90,100,31.47
172,Liverpool,GB,2022-04-24 13:26:38,53.4106,-2.9779,63.9,46,40,18.41
173,Chumikan,RU,2022-04-24 13:26:38,54.7183,135.315,25.59,97,100,3.49
174,Mwinilunga,ZM,2022-04-24 13:27:00,-11.7358,24.4293,72.39,76,76,5.35
175,Upernavik,GL,2022-04-24 13:27:00,72.7868,-56.1549,4.39,86,66,9.42
176,Husavik,IS,2022-04-24 13:27:00,66.0449,-17.3389,43.57,81,38,4.41
177,Waghai,IN,2022-04-24 13:27:01,20.7667,73.4833,96.96,18,5,11.14
178,Mindelo,CV,2022-04-24 13:27:01,16.8901,-24.9804,85.55,39,0,12.66
179,Saint-Pierre,RE,2022-04-24 13:27:01,-21.3393,55.4781,78.48,67,40,25.32
180,Lindi,TZ,2022-04-24 13:27:01,-10.0,39.7167,83.62,74,100,5.19
181,Boende,CD,2022-04-24 13:27:02,-0.2167,20.8667,87.78,49,100,4.16
182,Mettur,IN,2022-04-24 13:27:02,11.8,77.8,93.18,36,47,2.46
183,Khandyga,RU,2022-04-24 13:28:02,62.6667,135.6,16.57,97,36,1.43
184,Mogadishu,SO,2022-04-24 13:26:38,2.0371,45.3438,89.47,70,20,13.8
185,Antofagasta,CL,2022-04-24 13:25:57,-23.65,-70.4,61.88,71,22,0.96
186,Balakliya,UA,2022-04-24 13:28:03,49.4627,36.8595,62.33,63,100,4.29
187,Arawa,PG,2022-04-24 13:28:03,-6.2132,155.5367,76.78,88,99,2.48
188,Enshi,CN,2022-04-24 13:28:04,30.3,109.4833,68.76,97,100,1.12
189,Mitu,CO,2022-04-24 13:28:04,1.1983,-70.1733,78.03,93,30,2.53
190,Paulo Afonso,BR,2022-04-24 13:28:04,-9.4061,-38.2147,82.58,64,100,9.69
191,Paramonga,PE,2022-04-24 13:28:05,-10.6667,-77.8333,68.38,83,80,5.1
192,Axim,GH,2022-04-24 13:28:05,4.8699,-2.2405,85.84,72,100,10.76
193,Kulhudhuffushi,MV,2022-04-24 13:28:06,6.6221,73.07,84.7,69,21,2.75
194,Leshukonskoye,RU,2022-04-24 13:28:06,64.8989,45.7622,37.13,70,20,5.41
195,Aklavik,CA,2022-04-24 13:28:06,68.2191,-135.0107,27.34,92,100,4.9
196,Moyale,KE,2022-04-24 13:28:07,3.5167,39.0584,75.87,67,80,10.11
197,Padang,ID,2022-04-24 13:28:07,-0.9492,100.3543,80.49,87,100,2.06
198,Singtam,IN,2022-04-24 13:28:07,27.2333,88.5,74.35,83,2,4.61
199,Muisne,EC,2022-04-24 13:28:08,0.6,-80.0333,77.92,83,100,8.34
200,Tulun,RU,2022-04-24 13:28:08,54.5611,100.5792,25.83,80,98,10.69
201,Conyers,US,2022-04-24 13:23:38,33.6676,-84.0177,66.61,87,0,0.0
202,Terney,RU,2022-04-24 13:28:09,45.0503,136.6092,46.18,52,7,5.75
203,Vaitape,PF,2022-04-24 13:28:09,-16.5167,-151.75,80.06,73,100,6.02
204,Tukrah,LY,2022-04-24 13:28:09,32.5341,20.5791,68.22,58,0,15.23
205,Port-Gentil,GA,2022-04-24 13:28:09,-0.7193,8.7815,82.36,74,20,4.61
206,Zhezkazgan,KZ,2022-04-24 13:28:10,47.8043,67.7144,48.18,93,100,15.66
207,Nome,US,2022-04-24 13:28:10,64.5011,-165.4064,37.47,87,100,6.91
208,Fort Nelson,CA,2022-04-24 13:23:42,58.8053,-122.7002,40.59,56,75,6.91
209,Gornopravdinsk,RU,2022-04-24 13:28:10,60.05,69.9,41.07,71,100,7.85
210,Kristiinankaupunki,FI,2022-04-24 13:28:11,62.2743,21.376,45.54,59,17,6.85
211,Salina Cruz,MX,2022-04-24 13:28:11,16.1667,-95.2,80.11,74,0,3.06
212,Harper,LR,2022-04-24 13:28:11,4.375,-7.7169,85.1,69,95,9.44
213,Novooleksiyivka,UA,2022-04-24 13:28:12,46.2269,34.6428,66.2,55,0,9.82
214,Dubai,AE,2022-04-24 13:25:09,25.2582,55.3047,95.29,51,0,14.97
215,Margate,GB,2022-04-24 13:28:12,51.3813,1.3862,55.69,76,0,11.01
216,Praia Da Vitoria,PT,2022-04-24 13:28:12,38.7333,-27.0667,64.65,68,40,19.44
217,San Bartolome De Tirajana,ES,2022-04-24 13:28:13,27.9248,-15.5733,56.32,73,75,8.05
218,Kieta,PG,2022-04-24 13:28:13,-6.2167,155.6333,79.16,81,100,2.89
219,Avera,US,2022-04-24 13:28:13,33.194,-82.5271,68.56,82,100,4.45
220,Katsuura,JP,2022-04-24 13:28:13,35.1333,140.3,62.62,94,100,12.71
221,Stromness,GB,2022-04-24 13:28:14,58.965,-3.296,48.16,74,100,8.99
222,Coahuayana,MX,2022-04-24 13:28:14,18.7333,-103.6833,67.42,61,14,3.36
223,Nikolskoye,RU,2022-04-24 13:28:14,59.7035,30.7861,49.91,63,100,10.18
224,Labuhan,ID,2022-04-24 13:28:15,-6.8844,112.2051,79.88,85,100,4.54
225,Alofi,NU,2022-04-24 13:28:15,-19.0595,-169.9187,73.29,94,96,1.14
226,Groa,NO,2022-04-24 13:28:15,62.65,8.7167,47.66,91,42,2.53
227,Talnakh,RU,2022-04-24 13:28:16,69.4865,88.3972,2.98,97,26,4.12
228,New Norfolk,AU,2022-04-24 13:28:16,-42.7826,147.0587,55.92,80,37,0.51
229,Tigre,AR,2022-04-24 13:26:58,-34.426,-58.5796,69.28,63,0,10.36
230,Dubbo,AU,2022-04-24 13:29:16,-32.25,148.6167,59.13,77,100,11.5
231,San Cristobal,VE,2022-04-24 13:29:16,7.7669,-72.225,66.38,94,100,1.36
232,Cidreira,BR,2022-04-24 13:29:17,-30.1811,-50.2056,67.69,61,0,9.57
233,Almaznyy,RU,2022-04-24 13:29:17,48.0448,40.045,65.52,52,59,14.88
234,Porto Alegre,BR,2022-04-24 13:24:22,-30.0331,-51.23,67.26,73,0,6.91
235,Caravelas,BR,2022-04-24 13:29:17,-17.7125,-39.2481,87.42,60,36,4.5
236,Laguna,US,2022-04-24 13:28:57,38.421,-121.4238,51.31,80,0,5.75
237,Saldanha,ZA,2022-04-24 13:29:18,-33.0117,17.9442,68.05,71,0,12.64
238,Disna,BY,2022-04-24 13:29:18,55.568,28.1971,47.14,75,100,12.28
239,Golfito,CR,2022-04-24 13:29:19,8.639,-83.166,76.21,91,47,1.1
240,Asau,RO,2022-04-24 13:29:19,46.4333,26.4,75.96,27,43,3.89
241,Jiazi,CN,2022-04-24 13:29:19,22.8779,116.067,77.88,85,3,6.55
242,Youghal,IE,2022-04-24 13:29:19,51.95,-7.8506,57.09,75,95,19.08
243,Namibe,AO,2022-04-24 13:29:20,-15.1961,12.1522,74.71,70,18,8.84
244,Braniewo,PL,2022-04-24 13:29:20,54.3797,19.8196,49.6,74,14,15.32
245,Korla,CN,2022-04-24 13:29:21,41.7597,86.1469,75.67,24,11,15.82
246,Bardiyah,LY,2022-04-24 13:29:21,31.7561,25.0865,70.34,52,0,11.59
247,Plettenberg Bay,ZA,2022-04-24 13:29:21,-34.0527,23.3716,62.74,53,43,11.48
248,Luderitz,NA,2022-04-24 13:29:21,-26.6481,15.1594,70.03,37,0,30.53
249,Kampong Thum,KH,2022-04-24 13:29:22,12.7111,104.8887,85.03,68,63,1.23
250,Huacho,PE,2022-04-24 13:29:22,-11.1067,-77.605,68.83,80,68,6.89
251,Tabou,CI,2022-04-24 13:29:22,4.423,-7.3528,85.41,70,81,10.98
252,San Vicente,AR,2022-04-24 13:29:23,-26.6167,-54.1333,74.44,67,0,5.12
253,Tukan,RU,2022-04-24 13:29:23,53.8409,57.4552,54.21,34,100,4.09
254,Mana,GF,2022-04-24 13:29:23,5.6592,-53.7767,81.41,75,92,6.78
255,Yinchuan,CN,2022-04-24 13:29:24,38.4681,106.2731,74.48,9,20,5.3
256,Okato,NZ,2022-04-24 13:29:24,-39.2,173.8833,58.17,86,73,10.0
257,Bojnurd,IR,2022-04-24 13:29:24,37.4747,57.329,76.95,22,20,11.5
258,Kozhva,RU,2022-04-24 13:29:24,65.1073,57.0459,34.93,84,100,2.53
259,Coihaique,CL,2022-04-24 13:29:25,-45.5752,-72.0662,34.41,100,100,4.61
260,Barao De Melgaco,BR,2022-04-24 13:29:25,-16.1944,-55.9675,85.91,54,82,6.04
261,Fredericksburg,US,2022-04-24 13:27:35,38.3032,-77.4605,70.95,68,0,1.01
262,Lorengau,PG,2022-04-24 13:29:25,-2.0226,147.2712,80.58,81,72,5.3
263,Hervey Bay,AU,2022-04-24 13:29:26,-25.2986,152.8535,71.02,73,53,7.0
264,Port Elizabeth,ZA,2022-04-24 13:25:28,-33.918,25.5701,67.1,73,0,21.85
265,Zharkent,KZ,2022-04-24 13:29:26,44.1628,80.0,70.56,35,100,21.92
266,Mantua,IT,2022-04-24 13:29:27,45.1667,10.7833,61.05,68,100,7.0
267,Tasiilaq,GL,2022-04-24 13:29:27,65.6145,-37.6368,42.96,70,100,3.02
268,Rincon,US,2022-04-24 13:28:21,32.296,-81.2354,73.85,78,40,3.44
269,Faanui,PF,2022-04-24 13:29:27,-16.4833,-151.75,79.99,73,100,5.95
270,Saint George,US,2022-04-24 13:29:28,37.1041,-113.5841,46.99,45,0,6.91
271,Mountain Home,US,2022-04-24 13:26:27,43.133,-115.6912,29.68,100,0,5.75
272,Santa Cruz,BO,2022-04-24 13:29:28,-17.8,-63.1667,78.85,83,75,16.11
273,Juazeiro Do Norte,BR,2022-04-24 13:29:28,-7.2131,-39.3153,82.36,69,75,10.36
274,Galesong,ID,2022-04-24 13:29:29,-5.3166,119.3661,78.82,81,71,6.96
275,Adrar,MR,2022-04-24 13:29:29,20.5022,-10.0711,88.66,17,0,12.46
276,Pak Phanang,TH,2022-04-24 13:30:29,8.3511,100.202,86.02,74,75,5.12
277,Solnechnyy,RU,2022-04-24 13:30:29,50.7214,136.6319,19.76,93,70,5.23
278,Senica,SK,2022-04-24 13:30:30,48.6792,17.367,68.0,61,49,18.57
279,Ulaanbaatar,MN,2022-04-24 13:30:30,47.9077,106.8832,53.73,10,75,11.18
280,Saint-Joseph,RE,2022-04-24 13:30:31,-21.3667,55.6167,77.38,75,100,15.73
281,Ekhabi,RU,2022-04-24 13:30:31,53.5102,142.9671,28.08,96,100,10.85
282,Biltine,TD,2022-04-24 13:30:31,14.5333,20.9167,106.27,5,7,8.37
283,Burnie,AU,2022-04-24 13:30:31,-41.0667,145.9167,52.95,93,8,4.14
284,Kununurra,AU,2022-04-24 13:30:32,-15.7667,128.7333,73.38,73,98,0.0
285,Jacmel,HT,2022-04-24 13:30:32,18.2342,-72.5347,78.64,70,100,1.45
286,Samarai,PG,2022-04-24 13:30:32,-10.6167,150.6667,82.96,73,55,9.22
287,Teya,RU,2022-04-24 13:30:33,60.3778,92.6267,27.54,96,100,4.54
288,Ouegoa,NC,2022-04-24 13:30:33,-20.35,164.4333,74.68,82,13,13.15
289,Brusyliv,UA,2022-04-24 13:30:33,50.2845,29.5263,61.3,46,9,9.31
290,Ipixuna,BR,2022-04-24 13:30:34,-1.7625,-48.8043,75.96,86,100,5.19
291,Davila,PH,2022-04-24 13:30:34,18.4726,120.5763,82.53,77,6,4.63
292,Salinopolis,BR,2022-04-24 13:30:34,-0.6136,-47.3561,74.39,93,100,5.61
293,Coos Bay,US,2022-04-24 13:30:25,43.3665,-124.2179,46.24,99,100,5.75
294,Puyang,CN,2022-04-24 13:30:35,29.4603,119.8861,70.48,91,20,4.07
295,Leningradskiy,RU,2022-04-24 13:30:35,69.3833,178.4167,14.92,97,99,2.8
296,Sitka,US,2022-04-24 13:30:35,57.0531,-135.33,44.49,76,100,6.91
297,Arvin,US,2022-04-24 13:30:36,35.2091,-118.8284,56.01,86,0,1.3
298,Waipawa,NZ,2022-04-24 13:30:36,-41.4122,175.5153,51.85,86,98,6.67
299,San Quintin,MX,2022-04-24 13:30:36,30.4833,-115.95,59.99,68,0,1.9
300,Cruzeiro Do Sul,BR,2022-04-24 13:30:37,-29.5128,-51.9853,69.51,80,0,5.08
301,Cayenne,GF,2022-04-24 13:29:06,4.9333,-52.3333,85.08,1,75,8.05
302,Bud,US,2022-04-24 13:30:37,39.447,-86.1758,71.82,65,100,15.95
303,Kismayo,SO,2022-04-24 13:30:37,-0.3582,42.5454,85.41,69,63,10.4
304,Yar-Sale,RU,2022-04-24 13:30:38,66.8333,70.8333,15.57,89,100,5.06
305,Tsabong,BW,2022-04-24 13:30:38,-26.0217,22.401,74.3,36,57,13.78
306,Santa Lucia,ES,2022-04-24 13:30:38,27.9117,-15.5407,58.77,68,75,8.05
307,Chapais,CA,2022-04-24 13:30:39,49.7834,-74.8492,29.98,70,100,12.03
308,Tuatapere,NZ,2022-04-24 13:30:39,-46.1333,167.6833,51.1,89,99,6.42
309,Souillac,MU,2022-04-24 13:30:39,-20.5167,57.5167,77.38,73,75,17.27
310,Nenjiang,CN,2022-04-24 13:30:39,49.1833,125.2167,45.64,45,100,4.5
311,Trairi,BR,2022-04-24 13:30:40,-3.2778,-39.2689,80.69,75,99,5.01
312,Magadan,RU,2022-04-24 13:30:40,59.5667,150.8,20.86,85,25,7.25
313,Broome,US,2022-04-24 13:30:40,42.2506,-75.833,58.01,58,20,10.36
314,Gamba,GA,2022-04-24 13:30:41,-2.65,10.0,80.28,81,100,3.47
315,Roros,NO,2022-04-24 13:30:41,62.5747,11.3842,44.44,42,0,8.05
316,Guanica,PR,2022-04-24 13:30:41,17.9716,-66.908,83.05,65,10,8.99
317,Copiapo,CL,2022-04-24 13:29:46,-27.3667,-70.3333,55.09,76,9,2.95
318,Barcelos,PT,2022-04-24 13:31:42,41.5388,-8.6151,67.84,64,87,8.08
319,Kungurtug,RU,2022-04-24 13:31:42,50.5994,97.5228,20.35,68,88,7.38
320,Ostrovnoy,RU,2022-04-24 13:31:42,68.0531,39.5131,35.33,99,100,14.27
321,Dhidhdhoo,MV,2022-04-24 13:31:43,6.8833,73.1,84.7,68,18,1.52
322,Kyabram,AU,2022-04-24 13:31:43,-36.3167,145.05,54.88,80,79,7.87
323,Flinders,AU,2022-04-24 13:31:43,-34.5833,150.8552,62.19,87,99,5.99
324,Ust-Ilimsk,RU,2022-04-24 13:31:43,58.0006,102.6619,19.18,91,96,4.27
325,Linhares,BR,2022-04-24 13:31:44,-19.3911,-40.0722,91.87,48,4,0.85
326,Bowen,AU,2022-04-24 13:31:44,-20.0167,148.2333,76.91,82,100,24.36
327,Pangai,TO,2022-04-24 13:31:44,-19.8,-174.35,78.71,67,100,5.3
328,Lima,PE,2022-04-24 13:30:08,-12.0432,-77.0282,69.91,78,100,8.05
329,Save,BJ,2022-04-24 13:31:45,8.0425,2.486,93.2,47,100,6.82
330,Shimoda,JP,2022-04-24 13:31:45,34.6667,138.95,60.1,91,100,7.47
331,Kologriv,RU,2022-04-24 13:31:45,58.8275,44.3178,50.27,66,90,5.48
332,San Andres,CO,2022-04-24 13:26:47,12.5847,-81.7006,80.62,83,40,11.5
333,Kusti,SD,2022-04-24 13:31:46,13.1629,32.6635,105.04,7,3,8.57
334,Tomball,US,2022-04-24 13:31:16,30.0972,-95.6161,73.81,88,100,5.75
335,Genhe,CN,2022-04-24 13:31:46,50.7833,121.5167,30.96,95,97,1.59
336,Pierre,US,2022-04-24 13:31:46,44.3683,-100.351,37.85,79,100,31.07
337,Kenai,US,2022-04-24 13:31:47,60.5544,-151.2583,35.15,93,0,5.75
338,Port Hedland,AU,2022-04-24 13:31:27,-20.3167,118.5667,77.05,83,0,4.61
339,Azad Shahr,IR,2022-04-24 13:31:47,34.7909,48.5707,68.49,13,75,13.8
340,Acapulco,MX,2022-04-24 13:30:49,16.8634,-99.8901,75.02,88,20,0.0
341,Suntar,RU,2022-04-24 13:31:47,62.1444,117.6319,27.07,93,100,2.51
342,Olinda,BR,2022-04-24 13:28:27,-8.0089,-34.8553,85.73,66,75,14.97
343,Los Alamos,US,2022-04-24 13:31:48,35.8881,-106.307,40.05,30,0,0.0
344,Tucuman,AR,2022-04-24 13:31:48,-26.8241,-65.2226,62.6,94,20,3.44
345,Itarema,BR,2022-04-24 13:31:48,-2.9248,-39.9167,82.85,69,61,7.34
346,Sao Joao Da Barra,BR,2022-04-24 13:31:49,-21.6403,-41.0511,82.49,59,5,12.15
347,Nola,IT,2022-04-24 13:31:49,40.922,14.5329,69.4,52,97,8.01
348,Leh,IN,2022-04-24 13:31:49,34.1667,77.5833,44.71,25,5,5.66
349,Aleksandrov Gay,RU,2022-04-24 13:31:50,50.147,48.5704,61.54,53,100,3.74
350,Bage,BR,2022-04-24 13:31:50,-31.3314,-54.1069,64.18,63,0,5.75
351,Clyde River,CA,2022-04-24 13:31:50,70.4692,-68.5914,5.23,85,100,5.75
352,Islamkot,PK,2022-04-24 13:31:51,24.6997,70.177,89.2,35,0,20.76
353,Darnah,LY,2022-04-24 13:31:51,32.767,22.6367,66.04,65,0,11.56
354,Imbituba,BR,2022-04-24 13:31:51,-28.24,-48.6703,67.86,62,0,10.18
355,Naze,JP,2022-04-24 13:31:51,28.3667,129.4833,68.92,90,62,7.9
356,San Jose,US,2022-04-24 13:27:48,37.3394,-121.895,52.0,85,20,0.0
357,Demba,CD,2022-04-24 13:31:52,-5.51,22.2667,76.69,86,99,1.34
358,Vanderhoof,CA,2022-04-24 13:31:52,54.0166,-124.0198,40.08,78,100,3.85
359,Njombe,TZ,2022-04-24 13:31:52,-9.3333,34.7667,63.68,92,100,6.04
360,Nouadhibou,MR,2022-04-24 13:31:53,20.931,-17.0347,82.38,32,0,13.8
361,Lockhart,US,2022-04-24 13:31:53,28.6194,-81.4426,76.93,69,75,10.36
362,Atar,MR,2022-04-24 13:31:53,20.5169,-13.0499,93.27,16,0,11.5
363,Agua Dulce,MX,2022-04-24 13:31:54,18.1333,-94.1333,76.78,76,1,4.32
364,Antsohihy,MG,2022-04-24 13:31:54,-14.8796,47.9875,80.92,77,87,3.06
365,Biloela,AU,2022-04-24 13:32:54,-24.4167,150.5,64.99,71,58,15.28
366,Beyneu,KZ,2022-04-24 13:32:55,45.3167,55.2,69.03,24,36,9.82
367,Honningsvag,NO,2022-04-24 13:32:55,70.9821,25.9704,37.15,87,100,14.97
368,Lata,PT,2022-04-24 13:32:55,40.1629,-8.3327,64.08,65,100,5.61
369,Hovd,MN,2022-04-24 13:32:56,48.0056,91.6419,31.55,37,57,18.66
370,Bollnas,SE,2022-04-24 13:30:45,61.3482,16.3946,48.96,44,12,7.29
371,Tanout,NE,2022-04-24 13:32:56,14.9709,8.8879,105.37,7,92,4.61
372,Aurillac,FR,2022-04-24 13:28:41,44.9167,2.45,48.78,94,100,8.05
373,Sladkovo,RU,2022-04-24 13:32:56,55.5284,70.3385,45.23,38,39,4.92
374,Marrakesh,MA,2022-04-24 13:32:57,31.6315,-8.0083,68.07,45,75,6.91
375,Duvan,RU,2022-04-24 13:32:57,55.695,57.9024,52.65,52,94,7.0
376,Kahului,US,2022-04-24 13:29:21,20.8947,-156.47,74.84,79,0,18.41
377,Eyl,SO,2022-04-24 13:32:57,7.9803,49.8164,85.05,59,7,9.17
378,Svetlogorsk,BY,2022-04-24 13:32:58,52.6333,29.7333,51.76,68,100,10.67
379,Antalaha,MG,2022-04-24 13:32:58,-14.9003,50.2788,79.16,78,76,10.98
380,Chokurdakh,RU,2022-04-24 13:32:58,70.6333,147.9167,-13.38,100,74,3.13
381,Jinxiang,CN,2022-04-24 13:32:58,27.4327,120.6062,65.8,96,96,5.06
382,Sabha,LY,2022-04-24 13:32:59,27.0377,14.4283,89.78,8,11,6.53
383,Kaeo,NZ,2022-04-24 13:32:59,-35.1,173.7833,57.33,93,51,6.93
384,Benguela,AO,2022-04-24 13:32:59,-12.5763,13.4055,80.58,76,49,8.57
385,Bambanglipuro,ID,2022-04-24 13:33:00,-7.95,110.2833,78.8,88,100,0.54
386,Humaita,BR,2022-04-24 13:33:00,-7.5061,-63.0208,84.29,72,100,3.74
387,Cudahy,US,2022-04-24 13:33:00,33.9606,-118.1853,67.62,60,0,0.0
388,Mitsamiouli,KM,2022-04-24 13:33:00,-11.3847,43.2844,82.35,77,100,8.55
389,El Alto,PE,2022-04-24 13:33:01,-4.2714,-81.2147,69.46,73,88,4.74
390,Tiznit,MA,2022-04-24 13:33:01,29.5833,-9.5,57.92,66,100,13.91
391,Sikonge,TZ,2022-04-24 13:33:01,-5.6333,32.7667,76.05,72,100,2.24
392,Vardo,NO,2022-04-24 13:33:02,70.3705,31.1107,39.51,80,100,18.37
393,Seoul,KR,2022-04-24 13:31:35,37.5683,126.9778,63.79,83,40,5.75
394,Berlevag,NO,2022-04-24 13:33:02,70.8578,29.0864,39.0,91,100,14.52
395,Isangel,VU,2022-04-24 13:33:02,-19.55,169.2667,77.74,75,89,11.18
396,Howell,US,2022-04-24 13:33:03,42.6073,-83.9294,73.26,59,0,12.66
397,Reforma,MX,2022-04-24 13:32:45,18.1,-91.0167,79.75,68,0,11.52
398,Brasileia,BR,2022-04-24 13:33:03,-11.0161,-68.7481,81.05,83,100,0.0
399,Novyy Urengoy,RU,2022-04-24 13:33:03,66.0833,76.6333,4.28,94,95,1.43
400,Thunder Bay,CA,2022-04-24 13:33:04,48.4001,-89.3168,39.29,93,100,17.27
401,Bereda,ES,2022-04-24 13:33:04,43.2686,-7.5406,57.58,58,100,4.52
402,Igurubi,TZ,2022-04-24 13:33:05,-4.0,33.7,79.83,56,100,2.13
403,Deputatskiy,RU,2022-04-24 13:33:05,69.3,139.9,1.06,99,100,1.5
404,Mnogovershinnyy,RU,2022-04-24 13:33:05,53.9353,139.9242,23.07,97,100,7.18
405,Hambantota,LK,2022-04-24 13:33:05,6.1241,81.1185,82.74,94,40,4.61
406,Qovlar,AZ,2022-04-24 13:33:06,40.948,45.735,71.28,43,100,4.52
407,Vao,NC,2022-04-24 13:33:06,-22.6667,167.4833,74.16,70,100,21.39
408,Stornoway,GB,2022-04-24 13:33:06,58.2093,-6.3865,53.92,74,40,16.11
409,Doha,QA,2022-04-24 13:28:23,25.2867,51.5333,98.91,6,0,11.5
410,Brae,GB,2022-04-24 13:33:07,60.3964,-1.353,48.56,75,80,16.78
411,Tuy Hoa,VN,2022-04-24 13:33:07,13.0833,109.3,77.97,93,35,4.61
412,Shiyan,CN,2022-04-24 13:34:07,32.6475,110.7781,63.39,94,100,8.63
413,Carauari,BR,2022-04-24 13:34:08,-4.8828,-66.8958,82.89,72,100,3.27
414,Harnosand,SE,2022-04-24 13:34:08,62.6323,17.9379,51.82,72,7,5.77
415,Oranjestad,AW,2022-04-24 13:34:08,12.524,-70.027,80.55,74,40,20.71
416,Ilulissat,GL,2022-04-24 13:34:09,69.2167,-51.1,26.62,93,100,0.0
417,Zhigansk,RU,2022-04-24 13:34:09,66.7697,123.3711,4.3,94,23,6.02
418,Palana,RU,2022-04-24 13:34:09,59.1167,159.9667,26.24,90,100,4.85
419,Verkhoyansk,RU,2022-04-24 13:34:10,67.5447,133.385,5.81,99,87,2.93
420,Lardos,GR,2022-04-24 13:34:10,36.0942,28.0157,71.94,44,0,11.18
421,Najran,SA,2022-04-24 13:34:10,17.4924,44.1277,93.85,16,98,11.97
422,Kutum,SD,2022-04-24 13:34:11,14.2,24.6667,94.95,6,6,4.38
423,Sao Jose Da Coroa Grande,BR,2022-04-24 13:34:11,-8.8978,-35.1478,83.73,63,99,10.96
424,Roma,US,2022-04-24 13:34:11,43.2128,-75.4557,58.87,44,0,12.66
425,Piacabucu,BR,2022-04-24 13:34:11,-10.4056,-36.4344,85.73,56,12,10.71
426,Vila Velha,BR,2022-04-24 13:34:12,-20.3297,-40.2925,85.95,74,20,14.97
427,Meybod,IR,2022-04-24 13:34:12,32.2501,54.0166,91.42,10,100,11.16
428,Kalmunai,LK,2022-04-24 13:34:12,7.4167,81.8167,82.83,77,20,6.58
429,Nabire,ID,2022-04-24 13:34:13,-3.3667,135.4833,76.6,91,85,2.48
430,Mikkeli,FI,2022-04-24 13:34:13,61.6886,27.2723,44.71,53,0,6.91
431,Tall Kayf,TR,2022-04-24 13:34:13,37.0833,41.0667,88.14,24,100,12.55
432,La Cruz,MX,2022-04-24 13:34:14,23.9167,-106.9,70.66,77,0,2.1
433,Ayan,RU,2022-04-24 13:34:14,56.45,138.1667,26.08,90,100,3.67
434,Mahon,ES,2022-04-24 13:34:14,39.8885,4.2658,64.96,52,20,11.5
435,Baruun-Urt,MN,2022-04-24 13:34:14,46.6806,113.2792,45.64,26,72,15.73
436,Minbu,MM,2022-04-24 13:34:15,20.1833,94.8833,92.7,49,2,11.99
437,Kalemie,CD,2022-04-24 13:34:15,-5.9475,29.1947,77.13,74,98,3.36
438,Miandrivazo,MG,2022-04-24 13:34:15,-19.5167,45.4667,77.05,82,100,4.88
439,Fort Wellington,GY,2022-04-24 13:34:16,6.4,-57.6,79.18,85,100,5.35
440,Aykhal,RU,2022-04-24 13:34:16,66.0,111.5,6.04,96,75,1.14
441,Dongsheng,CN,2022-04-24 13:34:16,39.8161,109.9776,61.59,19,0,5.19
442,Gobabis,NA,2022-04-24 13:34:17,-22.45,18.9667,78.53,22,24,6.13
443,Atambua,ID,2022-04-24 13:34:17,-9.1061,124.8925,71.89,83,18,4.97
444,San Ignacio,BZ,2022-04-24 13:34:17,17.1561,-89.0714,73.54,83,0,4.61
445,Penzance,GB,2022-04-24 13:30:04,50.1186,-5.5371,56.08,89,100,9.31
446,Hibbing,US,2022-04-24 13:34:18,47.4272,-92.9377,42.4,46,100,9.22
447,Saint Anthony,US,2022-04-24 13:34:18,45.0205,-93.218,46.0,67,100,19.57
448,Verkhnyaya Inta,RU,2022-04-24 13:34:18,65.9811,60.3094,30.11,86,100,1.32
449,Beloha,MG,2022-04-24 13:34:18,-25.1667,45.05,79.9,62,79,7.16
450,Moindou,NC,2022-04-24 13:34:19,-21.6924,165.677,71.31,89,91,9.48
451,Belaya Gora,RU,2022-04-24 13:34:19,68.5333,146.4167,-2.13,100,72,4.79
452,Manaure,CO,2022-04-24 13:34:19,11.7751,-72.4445,83.35,61,23,14.23
453,Ternate,ID,2022-04-24 13:34:20,0.8,127.4,81.23,80,60,4.65
454,Panzhihua,CN,2022-04-24 13:34:20,26.5851,101.7128,76.57,37,15,2.86
455,Yining,CN,2022-04-24 13:34:20,29.0361,114.5636,73.06,91,45,3.89
456,Palestine,PS,2022-04-24 13:34:21,31.9216,35.2033,74.93,63,6,12.93
457,Grindavik,IS,2022-04-24 13:34:21,63.8424,-22.4338,45.07,76,100,10.36
458,Beroroha,MG,2022-04-24 13:34:21,-21.6667,45.1667,76.69,76,100,4.94
459,Marsa Matruh,EG,2022-04-24 13:34:22,31.3525,27.2453,70.0,68,0,11.5
460,Bell Ville,AR,2022-04-24 13:35:22,-32.6259,-62.6887,67.8,42,6,18.63
461,Yulara,AU,2022-04-24 13:35:22,-25.2406,130.9889,66.04,68,16,13.8
462,Mayumba,GA,2022-04-24 13:35:23,-3.432,10.6554,81.84,78,100,7.23
463,Mecca,SA,2022-04-24 13:35:23,21.4267,39.8261,93.74,33,15,20.22
464,Beringovskiy,RU,2022-04-24 13:35:23,63.05,179.3167,17.92,93,80,1.39
465,Worland,US,2022-04-24 13:33:06,44.0169,-107.9554,39.67,78,100,12.66
466,Dunedin,NZ,2022-04-24 13:32:23,-45.8742,170.5036,52.81,71,100,5.99
467,Launceston,AU,2022-04-24 13:35:24,-41.45,147.1667,51.15,92,86,0.0
468,Henties Bay,NA,2022-04-24 13:35:24,-22.116,14.2845,61.95,74,3,15.66
469,Paidha,UG,2022-04-24 13:35:24,2.4167,30.9855,67.06,87,100,5.5
470,Isla Mujeres,MX,2022-04-24 13:35:25,21.2311,-86.731,82.45,69,1,17.25
471,Necochea,AR,2022-04-24 13:35:25,-38.5473,-58.7368,67.51,52,0,12.1
472,Richards Bay,ZA,2022-04-24 13:35:25,-28.783,32.0377,75.54,79,45,10.02
473,Lakes Entrance,AU,2022-04-24 13:35:26,-37.8811,147.981,50.16,91,15,3.27
474,Paamiut,GL,2022-04-24 13:35:26,61.994,-49.6678,32.63,90,51,9.48
475,Jijiga,ET,2022-04-24 13:35:26,9.35,42.8,67.19,75,97,9.57
476,Vila Do Maio,CV,2022-04-24 13:35:27,15.1333,-23.2167,86.79,77,2,10.16
477,Nelson Bay,AU,2022-04-24 13:35:27,-32.7167,152.15,59.09,96,30,6.08
478,Estepona,ES,2022-04-24 13:35:28,36.4276,-5.1459,68.58,53,84,7.09
479,Altamont,US,2022-04-24 13:35:28,42.2068,-121.7372,34.79,82,0,0.0
480,Aban,RU,2022-04-24 13:35:28,56.67,96.06,27.25,74,100,8.88
481,Chingirlau,KZ,2022-04-24 13:35:28,51.095,54.0814,60.84,36,7,4.21
482,Monywa,MM,2022-04-24 13:35:29,22.1167,95.1333,99.1,21,6,5.91
483,Yeppoon,AU,2022-04-24 13:35:29,-23.1333,150.7333,69.58,77,94,23.09
484,Petropavlovsk-Kamchatskiy,RU,2022-04-24 13:32:47,53.0452,158.6483,36.19,70,40,6.71
485,Hakkari,TR,2022-04-24 13:35:30,37.5833,44.1667,62.38,27,75,8.05
486,Mangan,IN,2022-04-24 13:35:30,27.5167,88.5333,69.73,84,60,2.86
487,Adiake,CI,2022-04-24 13:35:30,5.2863,-3.304,87.03,66,99,12.12
488,Makakilo City,US,2022-04-24 13:35:30,21.3469,-158.0858,75.52,73,100,11.5
489,Kasongo-Lunda,CD,2022-04-24 13:35:31,-6.4667,16.8167,85.6,57,98,2.55
490,Ust-Koksa,RU,2022-04-24 13:35:31,50.2696,85.6108,28.15,63,4,2.64
491,Deniliquin,AU,2022-04-24 13:35:31,-35.5333,144.9667,59.85,64,100,5.61
492,Konotop,UA,2022-04-24 13:35:32,51.2403,33.2026,58.19,52,74,9.64
493,Vazante,BR,2022-04-24 13:35:32,-17.9869,-46.9078,85.46,36,24,6.2
494,Katima Mulilo,NA,2022-04-24 13:35:32,-17.5,24.2667,81.72,37,39,3.24
495,Plaster Rock,CA,2022-04-24 13:35:33,46.9065,-67.39,36.95,46,9,11.72
496,Boden,SE,2022-04-24 13:35:33,65.8252,21.6886,41.0,80,96,5.21
497,Bousse,BF,2022-04-24 13:35:33,12.6606,-1.8922,106.25,6,35,9.04
498,Lebedyn,UA,2022-04-24 13:35:33,50.5852,34.4849,56.3,72,100,8.66
499,Sesheke,ZM,2022-04-24 13:35:34,-17.4759,24.2968,81.41,37,45,2.66
500,Riohacha,CO,2022-04-24 13:35:34,11.5444,-72.9072,78.91,78,0,6.91
501,Caidian,CN,2022-04-24 13:35:34,30.5833,114.0333,82.15,74,100,13.29
502,Lixourion,GR,2022-04-24 13:35:35,38.2019,20.4314,69.8,78,0,11.5
503,Ruiru,KE,2022-04-24 13:35:35,-1.1606,36.9567,76.23,60,40,14.97
504,Ngunguru,NZ,2022-04-24 13:35:35,-35.6167,174.5,59.88,84,42,11.68
505,Abu Zabad,SD,2022-04-24 13:36:35,12.35,29.25,102.07,7,5,4.18
506,Capaci,IT,2022-04-24 13:36:36,38.1711,13.2393,70.25,61,0,11.01
507,Key Largo,US,2022-04-24 13:36:24,25.0865,-80.4473,79.0,63,0,16.24
508,Nalut,LY,2022-04-24 13:36:36,30.3333,10.85,89.47,8,2,5.1
509,Sovetskaya Gavan,RU,2022-04-24 13:36:37,48.9723,140.2878,33.64,73,79,8.7
510,Kharan,PK,2022-04-24 13:36:37,28.5833,65.4167,92.44,9,67,12.62
511,Phayao,TH,2022-04-24 13:35:24,19.25,100.25,77.07,76,14,0.83
512,Grand Gaube,MU,2022-04-24 13:36:37,-20.0064,57.6608,77.4,77,93,5.01
513,Mahibadhoo,MV,2022-04-24 13:36:38,3.7833,72.9667,85.17,69,46,8.77
514,Issa,RU,2022-04-24 13:36:38,53.8705,44.8578,62.29,46,89,6.87
515,Barnala,IN,2022-04-24 13:32:31,30.3833,75.55,93.02,13,93,6.98
516,Esperance,AU,2022-04-24 13:36:38,-33.8667,121.9,58.84,82,1,10.83
517,Srednekolymsk,RU,2022-04-24 13:36:38,67.45,153.6833,5.18,100,85,6.46
518,Lillooet,CA,2022-04-24 13:36:39,50.6856,-121.942,40.6,82,88,4.14
519,Saint-Francois,FR,2022-04-24 13:36:39,46.4154,3.9054,58.68,72,100,6.91
520,Haines Junction,CA,2022-04-24 13:36:39,60.7522,-137.5108,30.15,80,100,0.0
521,Shu,KZ,2022-04-24 13:36:40,43.5983,73.7614,56.59,94,100,15.77
522,Ukiah,US,2022-04-24 13:36:40,39.1502,-123.2078,49.86,88,0,0.0
523,Baturaden,ID,2022-04-24 13:36:40,-7.3,109.2167,67.28,96,100,1.88
524,Pamanukan,ID,2022-04-24 13:36:41,-6.2842,107.8106,80.29,81,100,2.57
525,Sovetskiy,RU,2022-04-24 13:36:41,61.3614,63.5842,40.91,93,78,4.32
526,Darlowo,PL,2022-04-24 13:34:21,54.421,16.4107,46.74,80,41,22.46
527,Kharitonovo,RU,2022-04-24 13:36:41,61.4009,47.4978,39.72,80,100,5.88
528,Mapiripan,CO,2022-04-24 13:36:42,2.8892,-72.1256,79.36,87,100,5.41
